-- 开启静默模式，跳过外键检查
USE pokedex_db;

SET FOREIGN_KEY_CHECKS = 0;
-- 1. 清空所有表
TRUNCATE TABLE `user_pokemon`;
TRUNCATE TABLE `pokemon_skill_relation`;
TRUNCATE TABLE `pokemon_stats`;
TRUNCATE TABLE `skill`;
TRUNCATE TABLE `pokemon`;
TRUNCATE TABLE `users`;

SET FOREIGN_KEY_CHECKS = 1;

-- 1. 用户表 users
INSERT INTO users (username, password, email, nickname, avatar_url, created_at, updated_at, last_login, status)
VALUES
('admin','123456','admin@qq.com','王国管理员','/api/avatars/default.png',CURRENT_TIMESTAMP,CURRENT_TIMESTAMP,NULL,1),
('xiaoluoke','123456','luoke@qq.com','小训练师','/api/avatars/default.png',CURRENT_TIMESTAMP,CURRENT_TIMESTAMP,NULL,1);

-- 2. 宠物基础表 pokemon
INSERT INTO pokemon (number,name,type1,height,weight,description,image_url,is_legendary,is_rare) VALUES
(1,'喵喵','草',0.50,6.00,'喜欢收集亮晶晶的小物件，性格温顺乖巧。','/api/images/1.png',0,0),
(2,'火花','火',0.60,8.50,'背上小火苗永不熄灭，活泼忠诚。','/api/images/2.png',0,0),
(3,'水蓝蓝','水',0.50,7.50,'温柔的水系初始宠物，喜爱清水环境。','/api/images/3.png',0,0),
(4,'蹦蹦种子','草',0.50,7.00,'背负种子，擅长寄生消耗战术。','/api/images/4.png',0,0),
(5,'蒲公英','草',0.30,2.80,'随风飞舞，拥有治愈辅助能力。','/api/images/5.png',0,0),
(6,'护主犬','火',0.70,12.00,'忠心护主，前期强力火系宠物。','/api/images/6.png',0,0),
(7,'音速犬','火',1.10,19.00,'超高速度，老牌热门进化宠。','/api/images/7.png',0,1),
(8,'雪娃娃','冰',0.45,5.50,'生活在寒冷雪地的小型冰系宠物。','/api/images/8.png',0,0),
(9,'冰封怨灵','冰',0.90,15.00,'雪娃娃进化体，冰冻控制能力优秀。','/api/images/9.png',0,1),
(10,'果冻','水',0.65,9.20,'身体柔软Q弹，栖息浅滩水域。','/api/images/10.png',0,0),
(11,'龙鱼','水',0.80,11.50,'尾巴巨大，游动速度较快。','/api/images/11.png',0,0),
(12,'板板壳','水',0.60,8.30,'坚硬外壳保护自身，防御出众。','/api/images/12.png',0,0),
(13,'圈圈海龟','水',1.00,22.00,'长寿水系宠物，防御极高。','/api/images/13.png',0,0),
(14,'小火苗','火',0.40,5.20,'周身微弱火焰，性格胆小。','/api/images/14.png',0,0),
(15,'烈火兽','火',0.90,16.80,'火焰力量增强，战力提升。','/api/images/15.png',0,0),
(16,'火苗龙','火',0.75,10.60,'龙形火系，爆发力强。','/api/images/16.png',0,0),
(17,'咔咔羽毛','翼',0.55,6.10,'轻盈飞鸟，早期翼系小怪。','/api/images/17.png',0,0),
(18,'咔咔雀','翼',0.70,9.50,'羽毛坚硬，近战攻击较强。','/api/images/18.png',0,0),
(19,'咔咔鸟','翼',1.05,14.20,'成熟飞行宠，速度优秀。','/api/images/19.png',0,0),
(20,'地鼠','土',0.40,4.80,'擅长钻地，躲避敌人攻击。','/api/images/20.png',0,0),
(21,'穿山鼠','土',0.75,10.90,'身披硬甲，挖掘能力极强。','/api/images/21.png',0,0),
(22,'多多','虫',0.45,5.60,'草丛常见虫系基础宠物。','/api/images/22.png',0,0),
(23,'多多鸟','虫',0.65,8.80,'进化后拥有飞行能力。','/api/images/23.png',0,0),
(24,'小花嘴龙','龙',0.60,7.90,'幼年龙族，性格温顺。','/api/images/24.png',0,0),
(25,'花嘴龙','龙',0.95,15.30,'龙息技能逐步解锁。','/api/images/25.png',0,0),
(26,'迷你利乌','龙',0.80,12.10,'小型龙族，速度灵活。','/api/images/26.png',0,0),
(27,'电毛毛','电',0.42,4.50,'浑身带电，草丛稀有电系。','/api/images/27.png',0,0),
(28,'霹雳云','电',0.78,9.60,'雷云环绕，电击伤害强力。','/api/images/28.png',0,1),
(29,'小幽灵','幽灵',0.38,3.90,'夜晚出没的幽灵系小怪。','/api/images/29.png',0,0),
(30,'幽灵雾','幽灵',0.62,7.40,'雾气隐身，干扰敌方。','/api/images/30.png',0,0),
(31,'暗夜骷髅','幽灵',0.85,13.60,'古老遗迹常驻宠物。','/api/images/31.png',0,0),
(32,'萤火娃娃','虫',0.35,3.20,'夜间发光，颜值可爱。','/api/images/32.png',0,0),
(33,'萤火蝶','虫',0.68,6.70,'翅膀流光，辅助技能丰富。','/api/images/33.png',0,0),
(34,'小毒菇','毒',0.44,5.10,'自带毒素，近身会中毒。','/api/images/34.png',0,0),
(35,'毒蘑菇','毒',0.72,9.80,'剧毒孢子，消耗型打法。','/api/images/35.png',0,0),
(36,'小树精','草',0.48,6.30,'森林原生草木精灵。','/api/images/36.png',0,0),
(37,'古树精','草',0.92,18.50,'树龄悠久，防御极高。','/api/images/37.png',0,0),
(38,'小石兽','石',0.52,12.40,'岩石躯体，物理抗性强。','/api/images/38.png',0,0),
(39,'巨石兽','石',1.05,29.70,'厚重身躯，压制对手。','/api/images/39.png',0,0),
(40,'小冰熊','冰',0.58,8.60,'极地小型寒冰宠物。','/api/images/40.png',0,0),
(41,'寒冰熊','冰',0.96,17.20,'寒气护体，冰冻几率高。','/api/images/41.png',0,0),
(42,'小天马','翼',0.60,7.30,'传说中的小型神兽后裔。','/api/images/42.png',0,1),
(43,'独角兽','翼',1.02,14.80,'神圣羽翼，稀有宠物。','/api/images/43.png',0,1),
(44,'小恶魔','恶魔',0.46,5.90,'阴暗角落出没的恶魔系。','/api/images/44.png',0,0),
(45,'恶魔战士','恶魔',0.88,12.70,'黑暗力量强化，攻击凶猛。','/api/images/45.png',0,0),
(46,'水系娃','水',0.39,4.60,'浅水区域随处可见。','/api/images/46.png',0,0),
(47,'浪潮仔','水',0.74,8.90,'操控小范围水流攻击。','/api/images/47.png',0,0),
(48,'风灵子','翼',0.41,3.80,'乘风而行，速度极快。','/api/images/48.png',0,0),
(49,'风影兽','翼',0.79,7.60,'风刃攻击，灵活游击。','/api/images/49.png',0,0),
(50,'铁壳虫','虫',0.47,6.20,'外壳坚硬，物理防御强。','/api/images/50.png',0,0),
(51,'钢甲虫','虫',0.83,11.40,'硬化甲壳，生存能力强。','/api/images/51.png',0,0),
(52,'小雷兽','电',0.51,7.80,'静电环绕，克制水系。','/api/images/52.png',0,0),
(53,'雷鸣兽','电',0.91,15.50,'大范围雷电打击。','/api/images/53.png',0,0),
(54,'木灵子','草',0.43,4.90,'自然之力滋养诞生。','/api/images/54.png',0,0),
(55,'丛林守护者','草',0.89,10.80,'森林守卫者，辅助续航强。','/api/images/55.png',0,0),
-- 石系 4只
(56,'岩石仔','石',0.55,10.20,'全身坚硬岩石，物理防御优秀。','/api/images/56.png',0,0),
(57,'岩盾守卫','石',0.95,26.50,'厚重岩甲加持，坚守阵地。','/api/images/57.png',0,0),
(58,'花岗岩王','石',1.25,42.80,'山脉古老石系强者，抗性极高。','/api/images/58.png',0,1),
(59,'晶石巨兽','石',1.40,55.30,'体内蕴含矿石结晶，力量雄厚。','/api/images/59.png',0,1),
-- 武系 4只
(60,'格斗小将','武',0.70,12.60,'热爱锻炼，近战打击稳定。','/api/images/60.png',0,0),
(61,'铁拳斗士','武',1.00,24.10,'拳法凌厉，近身爆发力强。','/api/images/61.png',0,0),
(62,'疾风武师','武',1.15,28.70,'身手敏捷，攻守兼备。','/api/images/62.png',0,1),
(63,'绝界武尊','武',1.60,46.20,'修行多年的强力武系稀有宠。','/api/images/63.png',1,1),
-- 光系 4只
(64,'微光精灵','光',0.45,4.60,'微弱光芒环绕，性格温顺。','/api/images/64.png',0,0),
(65,'耀光使者','光',0.80,11.30,'光芒净化黑暗，辅助能力出众。','/api/images/65.png',0,0),
(66,'天光圣女','光',1.05,18.90,'沐浴天光而生，魔法伤害出色。','/api/images/66.png',0,1),
(67,'曦光神鹿','光',1.35,30.50,'传说圣光灵兽，十分稀有。','/api/images/67.png',1,1);

-- 3. 种族值表 pokemon_stats
INSERT INTO pokemon_stats (pokemon_id,hp,atk,def,sp_atk,sp_def,speed) VALUES
(1,45,49,49,65,65,45),(2,50,52,43,60,50,65),(3,55,48,65,50,64,43),
(4,48,50,55,45,50,40),(5,42,44,48,72,58,38),(6,56,62,42,58,46,82),
(7,70,90,55,60,55,95),(8,40,42,50,65,60,35),(9,65,75,70,80,75,45),
(10,43,47,52,44,51,42),(11,49,53,48,46,49,47),(12,52,45,68,42,55,39),
(13,60,42,75,40,62,33),(14,38,46,39,58,41,52),(15,53,65,48,62,45,58),
(16,58,70,52,66,50,63),(17,41,45,40,43,42,60),(18,46,52,44,48,46,68),
(19,52,58,49,53,51,75),(20,39,55,42,38,40,55),(21,55,68,60,42,48,48),
(22,37,43,38,40,39,44),(23,44,50,42,45,43,52),(24,45,48,46,50,47,50),
(25,54,60,53,58,52,56),(26,50,55,49,54,50,62),(27,36,40,37,62,44,58),
(28,58,63,51,78,60,72),(29,35,39,36,55,52,41),(30,42,44,40,60,56,46),
(31,56,62,58,65,63,50),(32,34,38,35,48,45,53),(33,40,43,39,55,50,61),
(34,39,56,45,42,48,37),(35,48,65,52,49,54,42),(36,44,42,50,53,55,39),
(37,62,48,72,59,68,35),(38,51,66,70,41,46,32),(39,68,78,85,45,52,28),
(40,46,44,53,58,62,40),(41,59,52,65,68,70,44),(42,47,51,48,64,60,66),
(43,63,65,58,72,68,73),(44,40,58,41,52,46,49),(45,57,72,55,65,53,55),
(46,38,41,44,46,49,45),(47,45,46,49,52,53,51),(48,33,37,34,42,40,65),
(49,41,42,38,49,45,72),(50,42,59,63,36,41,36),(51,53,71,78,40,47,41),
(52,44,49,43,66,50,59),(53,60,56,55,82,65,67),(54,39,40,47,51,54,42),
(55,52,46,59,60,63,48),
-- 石系
(56,48,55,70,35,45,30),
(57,55,60,82,40,52,33),
(58,65,72,90,48,60,38),
(59,70,78,95,55,65,42),
-- 武系
(60,50,68,45,40,42,55),
(61,58,75,50,45,48,60),
(62,63,80,56,52,53,72),
(63,75,92,65,60,58,68),
-- 光系
(64,42,38,36,65,60,58),
(65,49,45,42,72,66,63),
(66,56,50,48,80,75,70),
(67,68,58,55,92,82,75);

-- 4. 技能表 skill
INSERT INTO skill (name,type,category,power,pp,effect) VALUES
('抓挠','普通','物理',40,35,'用爪子抓击敌人造成伤害'),
('叫声','普通','变化',NULL,40,'降低敌方攻击等级1级'),
('藤鞭','草','物理',45,25,'藤蔓抽打敌方目标'),
('火花','火','魔法',40,25,'喷射小火苗，低概率烧伤'),
('水枪','水','魔法',40,25,'喷射水流进行攻击'),
('高速移动','普通','变化',NULL,20,'提升自身速度等级'),
('电光火花','电','魔法',45,25,'微弱电流打击对手'),
('风之刃','翼','魔法',50,20,'锋利风刃切割敌人'),
('毒素攻击','毒','物理',42,25,'攻击附带中毒效果'),
('寄生种子','草','变化',NULL,10,'每回合吸取敌方生命值'),
('冰冻之风','冰','魔法',55,20,'寒气攻击，降低敌方速度'),
('暗影爪','幽灵','物理',55,15,'暗影利爪偷袭对手'),
('恶魔之怒','恶魔','魔法',60,15,'黑暗能量冲击敌方'),
('岩石封闭','石','物理',60,20,'岩石撞击限制行动'),
('龙爪','龙','物理',65,15,'龙系利爪强力攻击');

-- 5. 宠物技能关联表 pokemon_skill_relation
INSERT INTO pokemon_skill_relation (pokemon_id,skill_id,require_level) VALUES
(1,1,1),(1,2,1),(1,3,5),(1,10,8),
(2,1,1),(2,2,1),(2,4,5),
(3,1,1),(3,2,1),(3,5,6),
(4,1,1),(4,3,5),(4,10,7),
(5,1,1),(5,3,4),(5,10,9),
(6,1,1),(6,4,5),(6,6,10),
(7,4,1),(7,6,5),(7,14,12),
(8,1,1),(8,11,5),
(9,11,1),(9,12,14),
(10,1,1),(10,5,4),
(11,1,1),(11,5,6),
(12,1,1),(12,14,7),
(13,14,1),(13,5,8),
(14,1,1),(14,4,5),
(15,4,1),(15,14,9),
(16,4,1),(16,15,11),
(17,1,1),(17,8,5),
(18,8,1),(18,6,8),
(19,8,1),(19,6,10),
(20,1,1),(20,14,6),
(21,14,1),(21,1,7),
(22,1,1),(22,3,4),
(23,3,1),(23,8,9),
(24,1,1),(24,15,5),
(25,15,1),(25,14,10),
(26,15,1),(26,6,8),
(27,1,1),(27,7,5),
(28,7,1),(28,6,12),
(29,1,1),(29,12,4),
(30,12,1),(30,2,7),
(31,12,1),(31,14,11),
(32,1,1),(32,3,5),
(33,3,1),(33,8,9),
(34,1,1),(34,9,6),
(35,9,1),(35,10,10),
(36,1,1),(36,3,5),
(37,3,1),(37,10,12),
(38,1,1),(38,14,6),
(39,14,1),(39,12,10),
(40,1,1),(40,11,5),
(41,11,1),(41,14,9),
(42,1,1),(42,8,6),
(43,8,1),(43,15,11),
(44,1,1),(44,13,5),
(45,13,1),(45,12,10),
(46,1,1),(46,5,4),
(47,5,1),(47,6,8),
(48,1,1),(48,8,5),
(49,8,1),(49,6,9),
(50,1,1),(50,14,6),
(51,14,1),(51,12,10),
(52,1,1),(52,7,5),
(53,7,1),(53,13,11),
(54,1,1),(54,3,4),
(55,3,1),(55,10,9),
-- 石系
(56,1,1),(56,14,6),
(57,14,1),(57,1,8),
(58,14,1),(58,12,10),
(59,14,1),(59,12,12),
-- 武系
(60,1,1),(60,2,5),
(61,1,1),(61,6,7),
(62,6,1),(62,15,10),
(63,15,1),(63,12,12),
-- 光系
(64,2,1),(64,11,5),
(65,11,1),(65,8,7),
(66,8,1),(66,10,9),
(67,10,1),(67,11,11);

-- 6. 用户背包表 user_pokemon
INSERT INTO user_pokemon (user_id,pokemon_id,caught_at) VALUES
(1,1,NOW()), (1,2,NOW()), (1,3,NOW()), (1,4,NOW()), (1,5,NOW()),
(1,6,NOW()), (1,7,NOW()), (1,8,NOW()), (1,9,NOW()), (1,10,NOW()),
(1,11,NOW()), (1,12,NOW()), (1,13,NOW()), (1,14,NOW()), (1,15,NOW()),
(2,16,NOW()), (2,17,NOW()), (2,18,NOW()), (2,19,NOW()), (2,20,NOW()),
(2,21,NOW()), (2,22,NOW()), (2,23,NOW()), (2,24,NOW()), (2,25,NOW()),
(1,26,NOW()), (1,27,NOW()), (1,28,NOW()), (1,29,NOW()), (1,30,NOW()),
(1,31,NOW()), (1,32,NOW()), (1,33,NOW()), (1,34,NOW()), (1,35,NOW()),
(2,36,NOW()), (2,37,NOW()), (2,38,NOW()), (2,39,NOW()), (2,40,NOW()),
(2,41,NOW()), (2,42,NOW()), (2,43,NOW()), (2,44,NOW()), (2,45,NOW()),
(1,46,NOW()), (1,47,NOW()), (1,48,NOW()), (1,49,NOW()), (1,50,NOW()),
(1,51,NOW()), (1,52,NOW()), (1,53,NOW()), (1,54,NOW()), (1,55,NOW());

